{
  "timestamp": "2025-12-18T16:57:43.233794",
  "experiment_params": {
    "snr_db_range": [
      0,
      2,
      4,
      6,
      8,
      10,
      12,
      14,
      16,
      18,
      20,
      22,
      24,
      26,
      28,
      30
    ],
    "n_realizations": 50,
    "elevation_deg": 10,
    "abs_bandwidth_MHz": 1.2,
    "n_users": 32,
    "coverage_radius_m": 500
  },
  "performance": {
    "mean_sum_rates_Mbps": [
      7.996531543783273,
      10.377856024596898,
      13.006614798914384,
      15.487623001644788,
      16.931012950543806,
      17.933660818256264,
      18.727651221313778,
      19.97200636075035,
      21.26598822547015,
      23.589289161771568,
      26.785536842685975,
      29.34637644678054,
      31.961912057140992,
      35.06410622651983,
      38.313967531718106,
      41.466401599967746
    ],
    "mean_se_bits_per_hz": [
      1.5993063087566546,
      2.0755712049193797,
      2.601322959782877,
      3.0975246003289576,
      3.3862025901087613,
      3.5867321636512526,
      3.745530244262756,
      3.9944012721500695,
      4.25319764509403,
      4.717857832354314,
      5.357107368537195,
      5.869275289356108,
      6.392382411428199,
      7.012821245303966,
      7.662793506343621,
      8.29328031999355
    ],
    "std_sum_rates_Mbps": [
      0.00035655129354325745,
      0.013186299258087765,
      0.04880855634364055,
      0.19791088167178192,
      0.3882920487451439,
      0.4677920781742272,
      0.4487633275979239,
      0.3814553925485733,
      0.5186440325012294,
      0.682925162329656,
      0.871095662965656,
      0.7254887020599794,
      0.5242790739968354,
      0.4854726336645652,
      0.6598117700705204,
      0.6477807111913475
    ]
  },
  "mode_statistics": {
    "noma": [
      16.0,
      16.0,
      16.0,
      16.0,
      15.98,
      15.84,
      15.26,
      13.52,
      10.48,
      5.62,
      1.02,
      0.0,
      0.0,
      0.0,
      0.0,
      0.0
    ],
    "oma_weak": [
      0.0,
      0.0,
      0.0,
      0.0,
      0.02,
      0.16,
      0.72,
      2.46,
      5.4,
      9.58,
      13.16,
      15.12,
      15.78,
      15.84,
      15.7,
      14.64
    ],
    "oma_strong": [
      0.0,
      0.0,
      0.0,
      0.0,
      0.0,
      0.0,
      0.02,
      0.02,
      0.12,
      0.8,
      1.82,
      0.88,
      0.2,
      0.14,
      0.22,
      0.82
    ],
    "sat": [
      0.0,
      0.0,
      0.0,
      0.0,
      0.0,
      0.0,
      0.0,
      0.0,
      0.0,
      0.0,
      0.0,
      0.0,
      0.02,
      0.02,
      0.08,
      0.54
    ]
  }
}