{
  "snr_range": [
    10,
    20,
    30
  ],
  "results": {
    "heuristic+uniform": {
      "mode_selector": "heuristic",
      "s2a_allocator": "uniform",
      "se": [
        3.550452524108719,
        5.325891341547219,
        8.26497631683404
      ],
      "se_std": 1.944140429272802,
      "time": 2.027451515197754,
      "modes": {
        "noma": [
          15.9,
          1.0,
          0.0
        ],
        "oma_weak": [
          0.1,
          13.4,
          14.7
        ],
        "oma_strong": [
          0.0,
          1.6,
          0.9
        ],
        "sat": [
          0.0,
          0.0,
          0.4
        ]
      }
    },
    "heuristic+kkt": {
      "mode_selector": "heuristic",
      "s2a_allocator": "kkt",
      "se": [
        3.5074574599334722,
        5.338940465679069,
        8.489466359274767
      ],
      "se_std": 2.0575215964754983,
      "time": 0.4346752166748047,
      "modes": {
        "noma": [
          15.9,
          0.0,
          0.0
        ],
        "oma_weak": [
          0.1,
          12.9,
          11.5
        ],
        "oma_strong": [
          0.0,
          2.8,
          2.2
        ],
        "sat": [
          0.0,
          0.3,
          2.3
        ]
      }
    },
    "heuristic+waterfilling": {
      "mode_selector": "heuristic",
      "s2a_allocator": "waterfilling",
      "se": [
        3.3041927790407986,
        5.219117238576321,
        8.136876979612959
      ],
      "se_std": 1.9870439847114436,
      "time": 0.4305236339569092,
      "modes": {
        "noma": [
          8.6,
          1.0,
          0.0
        ],
        "oma_weak": [
          0.1,
          0.0,
          0.0
        ],
        "oma_strong": [
          0.2,
          11.6,
          0.0
        ],
        "sat": [
          7.1,
          3.4,
          16.0
        ]
      }
    },
    "greedy+uniform": {
      "mode_selector": "greedy",
      "s2a_allocator": "uniform",
      "se": [
        3.8527562535724797,
        6.4535931839478256,
        8.391043961153754
      ],
      "se_std": 1.8593345156349592,
      "time": 0.41705918312072754,
      "modes": {
        "noma": [
          2.6,
          0.0,
          0.0
        ],
        "oma_weak": [
          0.0,
          0.4,
          9.6
        ],
        "oma_strong": [
          13.4,
          15.6,
          6.0
        ],
        "sat": [
          0.0,
          0.0,
          0.4
        ]
      }
    },
    "greedy+kkt": {
      "mode_selector": "greedy",
      "s2a_allocator": "kkt",
      "se": [
        3.802824468277151,
        6.142598303715633,
        8.599390989215436
      ],
      "se_std": 1.958384319628863,
      "time": 0.42246365547180176,
      "modes": {
        "noma": [
          0.8,
          0.0,
          0.0
        ],
        "oma_weak": [
          0.1,
          1.2,
          10.3
        ],
        "oma_strong": [
          15.1,
          14.4,
          4.2
        ],
        "sat": [
          0.0,
          0.4,
          1.5
        ]
      }
    },
    "greedy+waterfilling": {
      "mode_selector": "greedy",
      "s2a_allocator": "waterfilling",
      "se": [
        3.8496220878193537,
        5.262446336842017,
        8.136876979612959
      ],
      "se_std": 1.7838466048257506,
      "time": 0.4251220226287842,
      "modes": {
        "noma": [
          2.6,
          0.0,
          0.0
        ],
        "oma_weak": [
          0.1,
          0.0,
          0.0
        ],
        "oma_strong": [
          13.1,
          12.7,
          0.0
        ],
        "sat": [
          0.2,
          3.3,
          16.0
        ]
      }
    }
  },
  "best_overall": "greedy+uniform"
}