{
  "snr_db_range": [
    0,
    2,
    4,
    6,
    8,
    10,
    12,
    14,
    16,
    18,
    20,
    22,
    24,
    26,
    28,
    30
  ],
  "sat_noma_se": [
    0.3054729103315996,
    0.4709892566726378,
    0.6836074746501795,
    0.9593811686018895,
    1.3680156944203499,
    1.84499221964886,
    2.3578553527386745,
    2.949941535364655,
    3.5463036612819963,
    4.186799575681575,
    4.840926505988667,
    5.526641052021256,
    6.17716098846077,
    6.850816229092511,
    7.529026531203081,
    8.178577662643608
  ],
  "satcon_results": {
    "0.4MHz": {
      "se": [
        1.4414186697770224,
        1.559501060979528,
        1.6390069283691795,
        1.6970900616042883,
        1.9045060505597777,
        2.4363280632250057,
        2.8753170977400484,
        3.3232108115595422,
        3.73052422258308,
        4.232977945632818,
        4.8441039041322425,
        5.526944962372578,
        6.17716098846077,
        6.850816229092511,
        7.529026531203081,
        8.178577662643608
      ]
    },
    "1.2MHz": {
      "se": [
        1.5993063087566546,
        2.0755712049193797,
        2.601322959782877,
        3.0975246003289576,
        3.3862025901087613,
        3.5867321636512526,
        3.745530244262756,
        3.9944012721500695,
        4.25319764509403,
        4.717857832354314,
        5.357107368537195,
        5.869275289356108,
        6.392382411428199,
        7.012821245303966,
        7.662793506343621,
        8.29328031999355
      ]
    },
    "2.0MHz": {
      "se": [
        1.5993063087566546,
        2.0763143998664666,
        2.608583211632786,
        3.1817251483766706,
        3.7752355101561466,
        4.364195939751066,
        4.84638725121006,
        5.232281939406045,
        5.483910505947461,
        5.736946809084163,
        6.052568335902764,
        6.3914258262125445,
        6.788857639071284,
        7.357457696594614,
        8.080841508069309,
        8.620397147910069
      ]
    },
    "3.0MHz": {
      "se": [
        1.5993063087566546,
        2.0763143998664666,
        2.608583211632786,
        3.182911936891404,
        3.7873290314841426,
        4.407438229717537,
        5.040347469737144,
        5.679169332274955,
        6.276601805556946,
        6.835794604237646,
        7.321372500096569,
        7.7330206254124,
        8.119898098988875,
        8.506203331245711,
        8.827435303031423,
        9.19162159097064
      ]
    }
  }
}